0,VELVET BAYLES,1979-06-04,F,037 Brigitte Springs,Lake Debroah,83664
1,JAE FLEETWOOD,1972-04-09,M,512 Ruecker Turnpike Suite 320,Reginachester,10491
2,CHAUNCEY ROSSOTTO,1978-10-19,M,7579 Joy Cove,New Markita,54947
3,DARNELL CROUCHER,1971-06-10,M,6132 Turner Ridges,Einarville,12254-6479
4,STEVEN TALLACKSEN,1975-04-08,M,997 Bergstrom Walks Apt. 358,East Gael,55018-4987
5,DEAN BASTIDA,1973-12-19,F,62176 Wendi Green,East Rhea,23495
6,KELLY ROS,1989-02-05,M,1121 Hickle Extension Suite 363,Valenciachester,43867
7,DARLINE SOLITO,1989-04-27,F,28628 Anice Valley,South Lenardmouth,42568
8,DWIGHT VERRASTRO,1979-10-25,M,90303 Caron Fields,Gilliehaven,10180-2258
9,NERISSA MATSUNAGA,1979-10-26,F,282 DuBuque Orchard,Reichelburgh,51634-6311
10,ED PRECHTEL,1989-02-27,M,241 Kutch Landing Apt. 827,Port Loretta,09325-5262
11,SEYMOUR KODAMA,1975-02-21,M,0191 Vergie Roads,McLaughlinborough,54226-0930
12,BEN ZAPPIA,1971-11-05,M,364 Aurelio Course,Rennerfurt,64061-5483
13,BERNIE LOWER,1973-12-17,M,8267 Charisse Walks Suite 531,Brakusside,69896-1774
14,RONALD YEDDO,1987-02-24,M,481 Jayce Club,Lake Indiaburgh,88412
15,SUSANNE PREDDY,1979-01-19,F,40388 Ratke Mount,Bechtelarburgh,75296-3597
16,MINDY ZEE,1982-08-20,F,47475 Tatum Groves Apt. 710,West Adrianaville,20345
17,JUAN HELLEY,1970-07-07,M,8764 Beau Divide Suite 904,East Alleanville,14531
18,SHANE LINDA,1986-04-05,M,6469 Baby Island,Skilesbury,50278-1212
19,MITSUKO KERSTETTER,1970-01-19,F,48425 Schneider Forest Apt. 825,Kaseymouth,37466
20,BOOKER INKAVESVANITC,1972-03-20,M,798 Gibson Ramp Apt. 513,Carterchester,69530
21,MUOI VANBROCKLIN,1970-03-06,F,2361 Turcotte Ville Apt. 630,West Adysonmouth,98945
22,EDRA CHECKETTS,1974-10-23,F,938 Fleta Mountains,Streichville,39264-0686
23,SON BREAD,1977-01-11,M,169 Haven Square,North Elenora,74878
24,ELOY RANSONE,1970-03-13,M,2213 Lueilwitz Trafficway,Louannaborough,48751-7282
25,KENA OBERGFELL,1979-12-18,F,28611 Graham Meadow,Alomaland,42566
26,KYONG BAHUN,1979-11-19,F,75406 Schultz Centers,Kingland,22249
27,DAN BRENNICK,1983-04-27,M,060 Aryanna Plains Apt. 821,South Ivory,94047-0726
28,ELIJAH BONAWITZ,1987-05-15,M,5404 Kaleb Garden Suite 747,Lake Daveyshire,77586
29,FRANCES NIGH,1983-07-12,F,372 Gabriela Lights,Tildaborough,44381
30,ETHEL OTTOSON,1979-02-06,F,900 Jayne Points Apt. 288,East Ashby,39131-2731
31,SOPHIA DOGAN,1987-01-13,F,6571 Jailyn Field,West Cathy,89327-3922
32,REMEDIOS GUILLARY,1978-05-21,F,4189 Stehr Forest,Jameystad,97255
33,VERNON TOWLSON,1975-03-05,M,00718 Powell Common,Earthaville,21582-4114
34,MAC TRUVER,1982-02-18,M,030 Virgie Terrace Suite 993,Jeanbury,72615-9201
35,CHRISTEN MOSIER,1981-01-22,F,197 Jerde Bridge Apt. 216,Michelfort,98722-2153
36,MICKEY AGUMGA,1982-05-27,F,69920 Predovic Divide Apt. 816,Schneiderfort,79096
37,CARLTON LYBRAND,1970-11-16,M,748 Jacobs Gateway,South Amiya,48467-9403
38,ARRON KOLODZIEJ,1974-05-14,M,6708 Trantow Mount Apt. 220,Collierside,66836
39,PETE FLOURNOY,1989-08-28,M,907 Grayce Canyon Apt. 171,West Rilla,94885
40,OTHA CHAREUNRATH,1983-05-26,M,43426 Ritchie Tunnel,West Shelly,78280-4603
41,LEANNE QUINN,1970-11-06,F,4865 King Forks Apt. 723,Howefurt,79651
42,JULIET KULINSKI,1973-10-10,F,4761 Nikhil Plains Suite 849,Lake Gasperbury,50569
43,LARA NOVAKOVICH,1978-04-24,F,9852 Abernathy Orchard Suite 760,Lylaside,03684
44,LYNNA MORETTA,1985-07-12,F,2493 Ivy Station,Lake Jaydemouth,48387
45,ELROY LIMBERT,1980-03-15,M,952 Grant Trail,Hesselhaven,59535
46,MINH BARRETTO,1976-09-13,M,957 Kylah Mount,East Jami,88567-6562
47,WENDELL WASHINGTON,1973-12-02,M,5779 Weber Points,Lynmouth,22770-6240
48,ALVA PERLEY,1985-03-04,M,1847 Santa Stravenue Suite 292,Gislasonmouth,86009-3881
49,CORIE RAHMAN,1978-11-18,F,8370 Ziemann Junctions,Lake Dicyshire,20230
50,LYNN LOZOWSKI,1988-07-23,M,8620 Mohr Square,West Jacey,49213
51,FREEMAN ZAMBRANA,1990-08-09,M,68899 Schoen Hollow Apt. 186,West Erasmo,71205-5054
52,SUSAN KORHONEN,1979-07-27,F,5145 Jared Parkway,Demarionville,75880-7675
53,TUAN LOUBIER,1972-10-23,M,5808 Kihn Rapid,North Gennaro,92875-4952
54,MINNA AYLESWORTH,1979-03-13,F,0555 Peggie Fall Apt. 095,Laceyport,61868
55,FLOYD HOFLER,1975-01-11,M,2210 Mima Mall,Danielmouth,69631
56,JAZMIN RODEMOYER,1973-08-21,F,14964 Bins Isle,Greysonville,58762-8580
57,GILLIAN MCKELLER,1973-01-01,F,23487 Luettgen Point,South Lynnette,49256
58,JEWEL VANWINKLE,1973-05-02,M,98548 Dolph Street Suite 473,Labadieview,39562-1993
59,TEODORO CLOSS,1990-07-17,M,83003 Goodwin Island Suite 460,Fisherburgh,95837
60,CELESTA WUTZKE,1986-01-24,F,4371 Hauck Tunnel Apt. 696,Lake Katinaland,58077
61,FERNANDO ROSENFIELD,1988-04-09,M,351 Penni Valleys,Lake Ismaelhaven,19489
62,NORENE BOEVER,1983-11-17,F,4108 Witting Hill Apt. 459,North Keatonbury,54238
63,VIRGEN SCHEIBER,1973-05-27,F,28515 Conroy Tunnel,Lake Cathryn,63595
64,WINFRED STEPANIAN,1987-10-19,M,59201 Antoine Ramp Apt. 983,Hilllland,59709-4853
65,JERRELL MOHAMMED,1982-12-06,M,9257 Crona Lake Suite 448,Port Jakobechester,85163-1874
66,DAMIEN RUMPS,1978-07-19,M,51356 Maxx Cove Apt. 981,Ritchiefurt,32587-5071
67,QUENTIN LIFFORD,1980-07-21,M,94050 Shakira Freeway,Wolfchester,20078
68,DONNA PRENATT,1976-08-01,F,784 Dorthey Centers Apt. 454,Uptontown,34586-7210
69,EARLE WOOLSON,1972-09-28,M,105 Mosciski Meadow Suite 522,East Bakerbury,71442
70,TOM HEIKKINEN,1988-09-21,M,3054 Chelsea Stravenue,Lumberg,02160
71,LOLA HERNTON,1974-05-10,F,561 Calista Station Apt. 386,Lake Tarifurt,83621
72,ESTELA GOETTIG,1971-03-26,F,0672 Evander Crossing,East Litaport,02328
73,JAY ABSON,1985-02-13,M,15913 Wing Drive Suite 558,Lake Bulahberg,59802
74,SANDI GORBEA,1973-09-26,F,200 Felicia Trail Apt. 309,Robertsmouth,94141-6389
75,DEVIN CAGE,1980-05-04,M,5966 Greene Plaza Suite 905,Katharineton,41300-9411
76,CHARMAINE RYNEARSON,1970-02-27,F,613 Myles Ridge Apt. 959,New Octavebury,66063
77,ABEL EIKLEBERRY,1990-02-18,M,38242 Kennard Light,East Wilfredoshire,01744
78,LORILEE MIRAMONTES,1973-06-18,F,7165 Kiehn Cliff,Effertzfurt,61212-8216
79,CHASTITY ZECHER,1986-06-04,F,8275 McLaughlin Hills,Schulistton,05434
80,CARIDAD KASE,1990-11-09,F,867 Harold Mill Suite 820,Hesselport,49116
81,JAIMEE MCGILTON,1979-05-13,F,49218 Mayert Islands,Cassinmouth,74266-3040
82,DEANNA JEANES,1990-11-17,F,51249 Cassondra Road,Darefurt,24112
83,LAKIA DESAULNIERS,1975-12-24,F,656 Miller Well,Klingshire,60481
84,DANILO MAINZ,1974-02-10,M,3508 Walter Fords,Port Waldo,74561-0686
85,CARMELITA HONAS,1989-08-04,F,516 Alfie Pass Apt. 082,North Darron,40524-8796
86,FLORINE OSTIGUY,1971-03-17,F,56659 Mante Lakes,New Katherynview,78715-7744
87,DORIAN YEATER,1973-02-11,F,500 Lyndsey Land Suite 821,Nicolasburgh,16595
88,BETTINA KANZ,1988-11-16,F,8214 Bogisich Brooks Apt. 527,Kunzeton,85993-1988
89,CARLETTA VITTI,1984-08-01,F,200 Block Underpass Suite 655,Hudsonport,96623
90,CRISTI BOUGIE,1977-09-15,F,87164 Davey Loop,Shanieceberg,42566
91,LEIGH BOWMER,1980-05-17,M,82857 Oris Summit Suite 559,East Zaria,97508
92,KYLEE WATERWORTH,1982-02-10,F,4171 Collins Radial Apt. 921,New Jadenberg,29687-0660
93,ALANNA GOLDSTON,1971-01-26,F,995 Schumm Shoal,Roobhaven,29730
94,DAMION SAADAT,1988-07-24,M,6235 Stracke Park Apt. 027,Nayelymouth,94014
95,KENT KAILI,1972-06-04,M,970 Emily Squares,New Winifred,98871
96,BYRON BLANCHETTE,1981-06-03,M,8078 Merwin Forge Apt. 136,Augustinaberg,03556
97,RODRIGO BILLIAR,1977-11-08,M,262 Elige Oval Suite 593,South Amasashire,41400-6945
98,SANTO ISAAK,1976-12-14,M,52960 Anahi Terrace Apt. 898,Lake Billie,30245-6744
99,JULIENNE SOROKIN,1972-09-03,F,552 Cormier Islands Suite 371,Augustusmouth,60057
